fotograma,tipo_objeto,confianza,identificador_tracking,x1,y1,x2,y2,matr√≠cula_en_su_caso,confianza_matricula,mx1,my1,mx2,my2,texto_matricula
1,truck,0.94,1,1402,52,1918,476,Los Patmos Bus_,0.10992844709005394,1598,250,1748,302,Los Patmos Bus_
1,truck,0.94,1,1402,52,1918,476,211,0.42790117859840393,1809,259,1843,275,211
2,truck,0.94,1,1402,56,1918,471,Lis Potms Bus,0.22456251089237103,1590,252,1734,302,Lis Potms Bus
2,truck,0.94,1,1402,56,1918,471,211,0.6028648076940013,1793,261,1825,277,211
3,truck,0.94,1,1395,63,1918,467,214,0.3367392224068189,1778,262,1810,276,214
3,truck,0.94,1,1395,63,1918,467,Zos Pokmos Bus,0.29990059916237627,1581,253,1723,301,Zos Pokmos Bus
4,truck,0.9,1,1389,67,1918,466,Los Pumos Bus,0.45749439338590575,1576,256,1710,300,Los Pumos Bus
4,truck,0.9,1,1389,67,1918,466,211,0.9297749348993084,1762,262,1796,278,211
5,truck,0.93,1,1390,72,1918,464,Ls Pumos Bus,0.3227481986500372,1567,257,1697,301,Ls Pumos Bus
5,truck,0.93,1,1390,72,1918,464,211,0.9881191334582541,1749,263,1781,279,211
6,truck,0.94,1,1392,76,1918,462,Los Puwns Bus,0.13424987525895085,1561,257,1687,301,Los Puwns Bus
6,truck,0.94,1,1392,76,1918,462,211,0.9639923784363762,1737,263,1767,279,211
7,truck,0.94,1,1391,79,1918,461,LPamos Bus,0.17920984185545055,1554,258,1676,300,LPamos Bus
7,truck,0.94,1,1391,79,1918,461,211,0.9886081284212188,1724,266,1754,280,211
8,truck,0.94,1,1388,84,1918,458,LsP hons Bus,0.19787902713019978,1549,259,1665,301,LsP hons Bus
8,truck,0.94,1,1388,84,1918,458,211,0.9641844219061071,1713,267,1743,281,211
9,truck,0.94,1,1386,88,1918,457,LcPumes Bus,0.13295812670994878,1543,259,1655,301,LcPumes Bus
9,truck,0.94,1,1386,88,1918,457,211,0.9749961255596992,1701,267,1731,281,211
10,truck,0.95,1,1383,92,1918,457,211,0.933979332447052,1690,267,1720,281,211
10,truck,0.95,1,1383,92,1918,457,LcPdoos Bus,0.12569703423529408,1536,261,1646,301,LcPdoos Bus
11,truck,0.94,1,1382,96,1918,456,211,0.7322072539183715,1679,269,1707,281,211
11,truck,0.94,1,1382,96,1918,456,LcRdnus Bu,0.06443297485958781,1531,261,1637,301,LcRdnus Bu
12,truck,0.93,1,1382,97,1918,455,,0.0,1670,271,1694,279,
12,truck,0.93,1,1382,97,1918,455,LcPas Bus,0.07941754471747248,1525,262,1629,300,LcPas Bus
13,truck,0.94,1,1382,101,1915,453,'Icnens Bo,0.01439807563327863,1519,264,1619,300,'Icnens Bo
14,truck,0.93,1,1381,104,1903,451,JsKnebs,0.051487992706046225,1514,263,1612,301,JsKnebs
14,truck,0.93,1,1381,104,1903,451,211,0.990960924523582,1648,271,1678,285,211
15,truck,0.92,1,1380,107,1889,451,Jskrebs,0.06312161069274608,1509,264,1605,302,Jskrebs
15,truck,0.92,1,1380,107,1889,451,211,0.9678047551213838,1639,270,1667,284,211
16,truck,0.93,1,1378,111,1872,450,iskksBo,0.0263700660377523,1503,264,1597,304,iskksBo
16,truck,0.93,1,1378,111,1872,450,211,0.6480175256729126,1631,272,1657,286,211
18,truck,0.91,1,1376,117,1858,450,cB;,0.08416888371665104,1512,267,1580,299,cB;
19,truck,0.92,1,1375,121,1840,448,IC,0.05118716456461159,1776,154,1806,170,IC
21,truck,0.92,1,1372,127,1816,444,Gzs,0.01773835230308342,1661,154,1725,170,Gzs
21,truck,0.92,1,1372,127,1816,444,IE,0.22629436245200024,1755,158,1785,174,IE
22,truck,0.92,1,1371,132,1809,442,2222,0.30422696471214294,1668,157,1728,171,2222
22,truck,0.92,1,1371,132,1809,442,LC,0.03642214264593427,1746,161,1776,175,LC
23,truck,0.92,1,1369,135,1808,442,55eze,0.036133849270063606,1614,158,1720,174,55eze
23,truck,0.92,1,1369,135,1808,442,Il,0.07853401322122591,1736,162,1766,178,Il
26,truck,0.91,1,1367,143,1771,441,IE,0.19171709748250196,1708,170,1738,184,IE
28,truck,0.9,1,1364,148,1745,437,9529,0.020138872787356377,1623,171,1675,185,9529
28,truck,0.9,1,1364,148,1745,437,Ill,0.11225350233002529,1693,173,1721,189,Ill
29,truck,0.91,1,1363,150,1736,436,IE,0.2792668558333251,1686,175,1714,189,IE
30,truck,0.9,1,1363,152,1731,437,249,0.12023150842449845,1622,173,1662,187,249
31,truck,0.91,1,1361,153,1727,433,8249,0.2794572412967682,1604,176,1656,190,8249
31,truck,0.91,1,1361,153,1727,433,I,0.2925836986066521,1672,178,1698,194,I
32,truck,0.9,1,1360,155,1726,430,HE,0.045659526959583044,1665,180,1691,194,HE
33,truck,0.92,1,1360,158,1712,426,U29:,0.06721234321594238,1576,175,1641,194,U29:
33,truck,0.92,1,1360,158,1712,426,IL,0.09909097957814755,1657,181,1685,195,IL
34,truck,0.93,1,1358,160,1701,426,e,0.10748283726130481,1573,179,1627,193,e
34,truck,0.93,1,1358,160,1701,426,2E,0.13018741997926186,1651,183,1677,197,2E
35,truck,0.93,1,1355,161,1694,429,Ge2s,0.008285208605229855,1580,180,1630,194,Ge2s
35,truck,0.93,1,1355,161,1694,429,AE,0.03183693713651363,1644,184,1672,198,AE
36,truck,0.92,1,1355,163,1691,429,22,0.07953120814232949,1574,182,1614,196,22
36,truck,0.92,1,1355,163,1691,429,Il,0.051331436311163756,1638,186,1664,200,Il
37,truck,0.93,1,1355,166,1681,427,Hes,0.005745536488707295,1569,186,1605,194,Hes
38,truck,0.92,1,1354,166,1674,425,I,0.5325415542838527,1627,189,1653,203,I
43,truck,0.94,1,1346,175,1644,416,G,0.013568586776648017,1552,195,1574,203,G
93,truck,0.69,1,1314,219,1474,382,car,0.42147632540712776,1314,281,1360,307,car
94,truck,0.52,1,1312,220,1472,382,car,0.6275368069066922,1312,282,1360,306,car
95,truck,0.33,1,1311,222,1470,381,car,0.6692741135129753,1311,278,1359,304,car
96,truck,0.53,1,1312,223,1467,381,car,0.8817688949340418,1312,277,1358,303,car
96,person,0.76,3,0,236,52,490,,,,,,,
97,truck,0.71,1,1311,223,1464,381,car,0.8014935080582772,1311,273,1357,297,car
97,person,0.8,3,0,234,58,488,,,,,,,
98,truck,0.76,1,1310,224,1463,380,car,0.8663467574284888,1310,270,1356,298,car
98,person,0.84,3,0,232,66,490,,,,,,,
99,truck,0.73,1,1310,226,1462,380,car,0.8687284577353908,1310,270,1356,296,car
99,person,0.83,3,0,234,71,490,,,,,,,
100,truck,0.79,1,1309,226,1460,380,car,0.9822827694083823,1309,270,1357,296,car
100,person,0.83,3,0,236,76,491,,,,,,,
101,person,0.84,3,0,235,77,493,,,,,,,
102,person,0.87,3,0,234,78,496,,,,,,,
103,person,0.86,3,0,232,82,494,,,,,,,
104,person,0.89,3,0,231,89,494,,,,,,,
105,person,0.84,3,2,232,96,491,,,,,,,
106,person,0.86,3,9,230,104,492,,,,,,,
107,person,0.88,3,19,229,114,491,,,,,,,
108,person,0.88,3,26,229,131,492,,,,,,,
109,person,0.85,3,30,229,147,491,,,,,,,
110,person,0.87,3,34,230,156,490,,,,,,,
111,person,0.87,3,38,232,164,488,,,,,,,
112,person,0.87,3,40,235,164,486,,,,,,,
113,person,0.86,3,40,239,169,487,,,,,,,
114,person,0.85,3,45,241,170,488,,,,,,,
115,person,0.84,3,51,240,170,490,,,,,,,
116,person,0.85,3,61,240,171,488,,,,,,,
117,person,0.81,3,74,239,172,485,,,,,,,
118,person,0.8,3,87,238,173,482,,,,,,,
119,person,0.76,3,95,238,174,481,,,,,,,
120,person,0.73,3,101,240,180,479,,,,,,,
121,person,0.78,3,107,240,184,478,,,,,,,
122,person,0.77,3,111,241,191,480,,,,,,,
123,person,0.82,3,113,242,200,479,,,,,,,
124,person,0.81,3,115,245,207,477,,,,,,,
125,person,0.8,3,116,248,213,477,,,,,,,
126,person,0.8,3,121,247,217,475,,,,,,,
127,person,0.81,3,125,242,221,475,,,,,,,
128,person,0.81,3,130,238,223,475,,,,,,,
129,person,0.78,3,141,244,226,474,,,,,,,
130,person,0.76,3,148,245,229,472,,,,,,,
131,person,0.8,3,156,244,233,471,,,,,,,
132,person,0.83,3,161,247,239,470,,,,,,,
133,person,0.84,3,167,246,245,470,,,,,,,
134,person,0.86,3,171,241,251,469,,,,,,,
135,person,0.86,3,178,240,259,467,,,,,,,
136,person,0.83,3,182,241,273,467,,,,,,,
137,person,0.83,3,185,246,279,468,,,,,,,
138,person,0.83,3,188,250,282,468,,,,,,,
139,person,0.85,3,191,256,284,469,,,,,,,
140,person,0.86,3,193,257,287,469,,,,,,,
141,person,0.87,3,196,262,288,469,,,,,,,
142,person,0.86,3,200,257,289,468,,,,,,,
143,person,0.84,3,205,255,290,467,,,,,,,
144,person,0.83,3,212,255,290,465,,,,,,,
145,person,0.83,3,221,248,292,464,,,,,,,
146,person,0.8,3,229,245,294,462,,,,,,,
147,person,0.8,3,233,244,296,461,,,,,,,
148,person,0.38,3,238,243,301,461,,,,,,,
149,person,0.12,3,241,244,306,461,,,,,,,
150,person,0.81,3,242,242,309,461,,,,,,,
151,person,0.8,3,243,246,316,461,,,,,,,
152,person,0.78,3,244,249,320,461,,,,,,,
153,person,0.8,3,244,251,323,460,,,,,,,
154,person,0.79,3,248,252,326,459,,,,,,,
155,person,0.75,3,251,256,330,459,,,,,,,
156,person,0.73,3,253,255,331,459,,,,,,,
157,person,0.8,3,260,253,334,452,,,,,,,
158,person,0.8,3,266,252,338,449,,,,,,,
159,person,0.79,3,275,246,343,450,,,,,,,
160,person,0.8,3,282,244,350,450,,,,,,,
161,person,0.81,3,289,245,355,451,,,,,,,
162,person,0.8,3,292,250,360,451,,,,,,,
163,person,0.75,3,295,257,366,452,,,,,,,
164,person,0.74,3,298,262,373,451,,,,,,,
165,person,0.81,3,301,265,379,451,,,,,,,
166,person,0.83,3,303,262,383,451,,,,,,,
167,person,0.83,3,305,262,385,451,,,,,,,
168,person,0.84,3,305,262,387,451,,,,,,,
169,person,0.86,3,308,259,388,450,,,,,,,
170,person,0.82,3,312,258,389,450,,,,,,,
171,person,0.77,3,318,257,393,450,,,,,,,
172,person,0.77,3,326,257,395,448,,,,,,,
173,person,0.78,3,332,259,396,447,,,,,,,
174,person,0.81,3,337,258,398,445,,,,,,,
175,person,0.61,3,341,258,400,444,,,,,,,
176,person,0.59,3,343,256,403,444,,,,,,,
177,person,0.6,3,345,262,403,445,,,,,,,
178,person,0.77,3,348,258,409,444,,,,,,,
179,person,0.81,3,348,255,413,444,,,,,,,
180,person,0.78,3,350,255,415,444,,,,,,,
181,person,0.76,3,349,255,418,443,,,,,,,
182,person,0.74,3,349,257,423,444,,,,,,,
183,person,0.74,3,355,259,425,443,,,,,,,
184,person,0.76,3,360,262,428,442,,,,,,,
185,person,0.76,3,366,263,430,440,,,,,,,
186,person,0.74,3,373,261,434,439,,,,,,,
187,person,0.75,3,379,258,439,440,,,,,,,
188,person,0.75,3,382,258,444,440,,,,,,,
189,person,0.78,3,386,257,448,438,,,,,,,
190,person,0.76,3,392,257,452,437,,,,,,,
191,person,0.73,3,395,263,458,437,,,,,,,
192,person,0.74,3,397,269,465,438,,,,,,,
193,person,0.75,3,399,271,468,438,,,,,,,
194,person,0.77,3,400,275,472,438,,,,,,,
195,person,0.72,3,400,269,474,438,,,,,,,
196,person,0.73,3,401,267,476,438,,,,,,,
197,person,0.74,3,404,270,476,437,,,,,,,
198,person,0.74,3,409,270,478,436,,,,,,,
199,person,0.75,3,414,269,478,435,,,,,,,
200,person,0.75,3,419,270,478,432,,,,,,,
201,person,0.73,3,424,268,480,432,,,,,,,
202,person,0.75,3,428,263,484,431,,,,,,,
203,person,0.73,3,431,258,486,430,,,,,,,
204,person,0.29,3,434,262,486,428,,,,,,,
205,person,0.76,3,436,262,488,429,,,,,,,
206,person,0.77,3,437,262,491,430,,,,,,,
207,person,0.76,3,439,267,493,430,,,,,,,
208,person,0.71,3,443,273,495,432,,,,,,,
209,person,0.63,3,444,275,498,432,,,,,,,
210,person,0.66,3,446,275,501,432,,,,,,,
211,person,0.71,3,449,276,502,431,,,,,,,
212,person,0.6,3,453,276,506,429,,,,,,,
213,person,0.63,3,456,264,511,429,,,,,,,
214,person,0.7,3,459,262,514,427,,,,,,,
215,person,0.74,3,461,263,517,426,,,,,,,
216,person,0.7,3,463,263,520,426,,,,,,,
217,person,0.61,3,468,263,523,427,,,,,,,
218,person,0.36,3,472,269,524,425,,,,,,,
219,person,0.66,3,474,269,527,423,,,,,,,
220,person,0.6,3,475,272,530,422,,,,,,,
221,person,0.62,3,478,274,535,423,,,,,,,
222,person,0.72,3,477,275,540,423,,,,,,,
223,person,0.69,3,478,274,542,423,,,,,,,
224,person,0.68,3,481,269,542,422,,,,,,,
225,person,0.63,3,482,267,544,421,,,,,,,
226,person,0.67,3,487,268,545,423,,,,,,,
227,person,0.66,3,494,269,545,421,,,,,,,
228,person,0.64,3,498,269,547,421,,,,,,,
229,person,0.72,3,501,270,549,421,,,,,,,
230,person,0.73,3,503,270,550,420,,,,,,,
231,person,0.61,3,505,272,553,420,,,,,,,
232,person,0.55,3,506,275,555,421,,,,,,,
233,person,0.7,3,507,273,558,420,,,,,,,
234,person,0.7,3,507,279,559,419,,,,,,,
235,person,0.72,3,507,278,562,419,,,,,,,
236,person,0.74,3,510,275,564,420,,,,,,,
237,person,0.76,3,511,273,565,420,,,,,,,
238,person,0.69,3,513,273,568,420,,,,,,,
239,person,0.67,3,517,272,571,420,,,,,,,
240,person,0.69,3,520,271,573,417,,,,,,,
241,person,0.75,3,524,270,576,417,,,,,,,
242,person,0.77,3,526,267,579,415,,,,,,,
243,person,0.78,3,530,269,582,415,,,,,,,
244,person,0.78,3,532,267,583,415,,,,,,,
245,person,0.79,3,533,268,585,415,,,,,,,
246,person,0.77,3,533,271,589,414,,,,,,,
247,person,0.72,3,534,274,592,413,,,,,,,
248,person,0.7,3,536,273,592,413,,,,,,,
249,person,0.74,3,538,275,594,413,,,,,,,
250,person,0.74,3,542,275,595,412,,,,,,,
251,person,0.74,3,544,275,596,410,,,,,,,
252,person,0.75,3,548,274,597,409,,,,,,,
253,person,0.74,3,551,274,600,412,,,,,,,
254,person,0.75,3,553,271,602,414,,,,,,,
255,person,0.79,3,556,272,605,411,,,,,,,
256,person,0.68,3,557,274,606,412,,,,,,,
257,person,0.51,3,560,275,606,411,,,,,,,
258,person,0.12,3,564,278,608,410,,,,,,,
259,person,0.14,3,566,279,610,408,,,,,,,
260,person,0.19,3,568,280,612,411,,,,,,,
262,person,0.57,3,569,280,617,411,,,,,,,
263,person,0.45,3,569,280,618,410,,,,,,,
264,person,0.68,3,571,279,620,410,,,,,,,
265,person,0.71,3,574,277,621,411,,,,,,,
266,person,0.72,3,576,276,622,413,,,,,,,
267,person,0.57,3,577,278,625,410,,,,,,,
268,person,0.26,3,581,280,625,407,,,,,,,
269,person,0.69,3,583,276,626,408,,,,,,,
270,person,0.74,3,585,275,628,409,,,,,,,
271,person,0.64,3,586,277,630,408,,,,,,,
272,person,0.13,3,589,279,631,402,,,,,,,
273,person,0.34,3,591,279,632,401,,,,,,,
274,person,0.34,3,592,281,635,401,,,,,,,
275,person,0.42,3,594,281,637,401,,,,,,,
276,person,0.43,3,596,281,639,401,,,,,,,
277,person,0.57,3,597,281,641,401,,,,,,,
278,person,0.7,3,599,277,644,403,,,,,,,
279,person,0.54,3,602,278,647,403,,,,,,,
280,person,0.58,3,602,278,649,403,,,,,,,
280,person,0.78,8,0,297,53,508,,,,,,,
281,person,0.72,3,604,276,653,401,,,,,,,
281,person,0.57,8,0,287,53,507,,,,,,,
282,person,0.69,3,606,278,654,401,,,,,,,
282,person,0.77,8,0,284,55,508,,,,,,,
283,person,0.74,3,608,273,655,402,,,,,,,
283,person,0.82,8,0,269,58,508,,,,,,,
284,person,0.74,3,610,268,659,402,,,,,,,
284,person,0.84,8,0,247,60,508,,,,,,,
285,person,0.71,3,612,268,659,401,,,,,,,
285,person,0.83,8,0,237,62,508,,,,,,,
286,person,0.69,3,614,268,662,398,,,,,,,
286,person,0.8,8,0,232,64,507,,,,,,,
287,person,0.66,3,616,270,663,398,,,,,,,
287,person,0.83,8,0,232,69,507,,,,,,,
288,person,0.69,3,617,271,664,397,,,,,,,
288,person,0.82,8,0,233,74,507,,,,,,,
289,person,0.71,3,618,271,665,398,,,,,,,
289,person,0.83,8,0,235,79,506,,,,,,,
290,person,0.72,3,619,273,665,399,,,,,,,
290,person,0.82,8,0,237,88,505,,,,,,,
291,person,0.68,3,619,275,665,399,,,,,,,
291,person,0.83,8,2,238,95,504,,,,,,,
292,person,0.76,3,621,276,667,400,,,,,,,
292,person,0.78,8,4,240,101,502,,,,,,,
293,person,0.69,3,622,278,668,401,,,,,,,
293,person,0.85,8,6,240,105,502,,,,,,,
294,person,0.68,3,624,277,668,401,,,,,,,
294,person,0.84,8,7,239,109,502,,,,,,,
295,person,0.7,3,624,277,670,398,,,,,,,
295,person,0.82,8,5,239,113,501,,,,,,,
296,person,0.72,3,624,278,672,398,,,,,,,
296,person,0.82,8,9,237,114,500,,,,,,,
297,person,0.65,3,624,278,674,398,,,,,,,
297,person,0.85,8,3,239,118,498,,,,,,,
298,person,0.71,3,624,275,677,400,,,,,,,
298,person,0.8,8,1,239,123,495,,,,,,,
299,person,0.63,3,624,273,679,398,,,,,,,
299,person,0.8,8,3,239,127,494,,,,,,,
300,person,0.67,3,625,272,680,397,,,,,,,
300,person,0.73,8,8,238,130,492,,,,,,,
301,person,0.6,3,632,274,680,396,,,,,,,
301,person,0.66,8,13,241,131,491,,,,,,,
302,person,0.49,3,636,278,680,395,,,,,,,
302,person,0.64,8,18,243,133,490,,,,,,,
303,person,0.6,3,638,279,681,395,,,,,,,
303,person,0.52,8,28,243,129,493,,,,,,,
304,person,0.57,3,641,281,681,396,,,,,,,
304,person,0.68,8,40,243,161,493,,,,,,,
305,person,0.38,3,642,283,682,396,,,,,,,
305,person,0.79,8,45,245,176,493,,,,,,,
306,person,0.7,3,644,283,683,397,,,,,,,
306,person,0.85,8,64,250,183,493,,,,,,,
307,person,0.69,3,645,281,686,398,,,,,,,
307,person,0.84,8,71,250,187,493,,,,,,,
308,person,0.66,3,647,280,688,400,,,,,,,
308,person,0.75,8,75,253,190,492,,,,,,,
309,person,0.72,3,648,276,690,400,,,,,,,
309,person,0.59,8,81,251,190,491,,,,,,,
310,person,0.59,3,648,275,691,399,,,,,,,
310,person,0.62,8,100,252,190,489,,,,,,,
311,person,0.62,3,649,274,691,399,,,,,,,
311,person,0.65,8,100,257,193,489,,,,,,,
311,person,0.66,10,62,251,125,484,,,,,,,
312,person,0.55,3,648,274,692,398,,,,,,,
312,person,0.79,8,108,254,196,489,,,,,,,
312,person,0.68,10,68,247,128,483,,,,,,,
313,person,0.19,3,648,272,693,395,,,,,,,
313,person,0.72,8,117,255,198,489,,,,,,,
313,person,0.66,10,76,250,135,483,,,,,,,
314,person,0.64,8,127,257,202,485,,,,,,,
314,person,0.68,10,81,260,137,481,,,,,,,
315,person,0.59,8,131,248,201,484,,,,,,,
315,person,0.68,10,87,255,148,482,,,,,,,
316,person,0.68,8,136,245,209,485,,,,,,,
316,person,0.68,10,91,255,148,481,,,,,,,
317,person,0.68,8,141,248,214,485,,,,,,,
317,person,0.73,10,95,255,153,479,,,,,,,
317,person,0.55,3,655,270,696,394,,,,,,,
318,person,0.7,8,146,259,221,483,,,,,,,
318,person,0.76,10,98,257,158,478,,,,,,,
318,person,0.41,3,657,270,697,393,,,,,,,
319,person,0.74,8,150,255,229,482,,,,,,,
319,person,0.72,10,101,257,166,477,,,,,,,
319,person,0.64,3,657,269,699,396,,,,,,,
320,person,0.72,8,152,256,236,480,,,,,,,
320,person,0.66,10,107,257,173,476,,,,,,,
320,person,0.62,3,658,269,700,398,,,,,,,
321,person,0.75,8,154,257,242,479,,,,,,,
321,person,0.62,10,109,256,178,477,,,,,,,
321,person,0.64,3,659,269,700,397,,,,,,,
322,person,0.74,8,156,253,245,478,,,,,,,
322,person,0.64,10,111,254,181,477,,,,,,,
322,person,0.64,3,663,268,702,393,,,,,,,
323,person,0.66,8,163,251,246,477,,,,,,,
323,person,0.62,10,114,252,185,475,,,,,,,
323,person,0.65,3,665,267,705,393,,,,,,,
324,person,0.73,8,167,251,247,477,,,,,,,
324,person,0.69,10,117,254,187,473,,,,,,,
324,person,0.63,3,666,268,707,394,,,,,,,
325,person,0.71,8,177,256,252,478,,,,,,,
325,person,0.68,10,120,257,190,474,,,,,,,
325,person,0.65,3,666,270,708,394,,,,,,,
326,person,0.67,8,184,255,255,476,,,,,,,
326,person,0.66,10,121,257,194,470,,,,,,,
326,person,0.53,3,667,273,709,391,,,,,,,
327,person,0.68,8,189,251,261,475,,,,,,,
327,person,0.75,10,128,254,201,470,,,,,,,
327,person,0.29,3,667,275,710,388,,,,,,,
328,person,0.69,8,194,251,264,477,,,,,,,
328,person,0.76,10,132,254,208,470,,,,,,,
328,person,0.45,3,669,274,711,388,,,,,,,
329,person,0.71,8,198,251,267,476,,,,,,,
329,person,0.8,10,137,253,213,470,,,,,,,
329,person,0.44,3,669,273,712,386,,,,,,,
330,person,0.66,8,203,259,276,476,,,,,,,
330,person,0.8,10,140,257,219,470,,,,,,,
330,person,0.16,3,672,276,713,386,,,,,,,
331,person,0.61,8,209,261,289,475,,,,,,,
331,person,0.83,10,145,261,221,470,,,,,,,
331,person,0.22,3,674,276,715,388,,,,,,,
332,person,0.71,8,215,262,298,472,,,,,,,
332,person,0.87,10,152,262,222,471,,,,,,,
332,person,0.31,3,675,280,716,388,,,,,,,
333,person,0.72,8,218,254,306,471,,,,,,,
333,person,0.79,10,155,259,225,470,,,,,,,
333,person,0.42,3,676,282,718,389,,,,,,,
334,person,0.7,8,217,253,310,471,,,,,,,
334,person,0.8,10,158,255,228,469,,,,,,,
334,person,0.42,3,677,284,719,392,,,,,,,
335,person,0.73,8,219,252,315,473,,,,,,,
335,person,0.78,10,162,254,235,471,,,,,,,
335,person,0.51,3,680,282,719,391,,,,,,,
336,person,0.78,8,219,251,318,473,,,,,,,
336,person,0.76,10,165,254,238,470,,,,,,,
336,person,0.54,3,681,281,721,391,,,,,,,
337,person,0.77,8,217,252,320,474,,,,,,,
337,person,0.76,10,167,254,240,467,,,,,,,
337,person,0.56,3,683,280,722,391,,,,,,,
338,person,0.74,8,220,252,321,473,,,,,,,
338,person,0.77,10,171,254,246,463,,,,,,,
338,person,0.6,3,686,281,723,390,,,,,,,
339,person,0.59,8,230,251,322,473,,,,,,,
339,person,0.76,10,178,254,254,464,,,,,,,
339,person,0.56,3,687,282,724,390,,,,,,,
340,person,0.72,8,237,258,321,472,,,,,,,
340,person,0.77,10,181,256,253,463,,,,,,,
340,person,0.58,3,688,282,724,391,,,,,,,
341,person,0.78,8,248,258,321,469,,,,,,,
341,person,0.77,10,186,256,256,463,,,,,,,
341,person,0.6,3,688,281,724,388,,,,,,,
342,person,0.77,8,255,255,325,469,,,,,,,
342,person,0.78,10,190,257,258,463,,,,,,,
342,person,0.61,3,688,280,724,387,,,,,,,
343,person,0.76,8,259,250,329,468,,,,,,,
343,person,0.74,10,193,256,259,461,,,,,,,
343,person,0.42,3,689,279,725,386,,,,,,,
344,person,0.78,8,262,251,334,466,,,,,,,
344,person,0.74,10,197,259,260,460,,,,,,,
344,person,0.43,3,690,280,725,386,,,,,,,
345,person,0.82,8,265,255,338,464,,,,,,,
345,person,0.71,10,200,263,273,461,,,,,,,
345,person,0.6,3,689,281,725,385,,,,,,,
346,person,0.85,8,269,255,342,466,,,,,,,
346,person,0.74,10,202,266,283,461,,,,,,,
346,person,0.71,3,690,280,725,386,,,,,,,
347,person,0.78,8,274,257,347,467,,,,,,,
347,person,0.73,10,204,261,295,463,,,,,,,
347,person,0.73,3,690,281,725,389,,,,,,,
348,person,0.77,8,276,260,354,467,,,,,,,
348,person,0.78,10,205,262,288,462,,,,,,,
348,person,0.73,3,690,280,725,390,,,,,,,
349,person,0.76,8,280,262,358,467,,,,,,,
349,person,0.73,10,208,261,288,462,,,,,,,
349,person,0.67,3,690,280,725,388,,,,,,,
350,person,0.73,8,284,264,360,466,,,,,,,
350,person,0.73,10,213,262,292,461,,,,,,,
350,person,0.74,3,690,281,725,387,,,,,,,
351,person,0.73,8,287,267,363,466,,,,,,,
351,person,0.74,10,220,261,297,457,,,,,,,
351,person,0.74,3,690,282,727,388,,,,,,,
352,person,0.79,8,290,262,366,465,,,,,,,
352,person,0.78,10,227,259,301,455,,,,,,,
352,person,0.69,3,690,283,728,388,,,,,,,
353,person,0.79,8,294,258,370,463,,,,,,,
353,person,0.81,10,235,258,303,454,,,,,,,
353,person,0.68,3,691,283,729,388,,,,,,,
354,person,0.75,8,298,258,372,462,,,,,,,
354,person,0.83,10,239,256,305,452,,,,,,,
354,person,0.68,3,691,284,729,389,,,,,,,
355,person,0.75,8,304,253,376,462,,,,,,,
355,person,0.83,10,240,259,309,452,,,,,,,
355,person,0.7,3,691,285,728,389,,,,,,,
356,person,0.78,8,305,254,378,462,,,,,,,
356,person,0.84,10,245,261,313,453,,,,,,,
356,person,0.72,3,692,286,729,389,,,,,,,
357,person,0.78,8,308,254,380,463,,,,,,,
357,person,0.82,10,247,261,317,454,,,,,,,
357,person,0.66,3,693,286,730,387,,,,,,,
358,person,0.76,8,315,255,385,463,,,,,,,
358,person,0.8,10,249,260,322,455,,,,,,,
358,person,0.63,3,693,285,730,387,,,,,,,
359,person,0.63,8,322,258,393,460,,,,,,,
359,person,0.8,10,252,259,325,455,,,,,,,
359,person,0.62,3,694,285,730,387,,,,,,,
360,person,0.71,8,328,265,401,457,,,,,,,
360,person,0.78,10,256,260,330,454,,,,,,,
360,person,0.57,3,696,286,731,388,,,,,,,
361,person,0.65,8,329,264,408,456,,,,,,,
361,person,0.8,10,259,262,333,453,,,,,,,
361,person,0.63,3,697,286,732,388,,,,,,,
362,person,0.67,8,331,260,412,456,,,,,,,
362,person,0.83,10,263,264,337,452,,,,,,,
362,person,0.63,3,698,286,733,388,,,,,,,
363,person,0.65,8,333,260,414,458,,,,,,,
363,person,0.83,10,267,264,341,453,,,,,,,
363,person,0.63,3,699,285,734,387,,,,,,,
364,person,0.69,8,329,261,414,460,,,,,,,
364,person,0.81,10,271,265,344,453,,,,,,,
364,person,0.58,3,700,284,735,386,,,,,,,
365,person,0.65,8,331,259,416,461,,,,,,,
365,person,0.82,10,276,265,348,452,,,,,,,
365,person,0.57,3,700,283,737,385,,,,,,,
366,person,0.65,8,334,257,416,458,,,,,,,
366,person,0.84,10,278,262,349,450,,,,,,,
366,person,0.58,3,700,280,737,386,,,,,,,
367,person,0.74,8,343,258,418,457,,,,,,,
367,person,0.83,10,283,260,353,449,,,,,,,
367,person,0.55,3,701,278,738,386,,,,,,,
368,person,0.75,8,349,256,421,457,,,,,,,
368,person,0.8,10,286,259,356,449,,,,,,,
368,person,0.34,3,701,278,740,385,,,,,,,
369,person,0.81,8,353,257,423,456,,,,,,,
369,person,0.86,10,291,260,357,449,,,,,,,
369,person,0.17,3,701,281,741,384,,,,,,,
370,person,0.81,8,357,256,425,455,,,,,,,
370,person,0.79,10,295,259,361,448,,,,,,,
370,person,0.11,3,702,285,741,383,,,,,,,
371,person,0.76,8,362,255,427,455,,,,,,,
371,person,0.79,10,299,262,363,448,,,,,,,
371,person,0.31,3,704,285,742,383,,,,,,,
372,person,0.78,8,363,256,431,456,,,,,,,
372,person,0.78,10,301,264,363,448,,,,,,,
372,person,0.22,3,705,286,741,384,,,,,,,
373,person,0.85,8,365,257,435,455,,,,,,,
373,person,0.71,10,305,263,370,448,,,,,,,
373,person,0.14,3,709,287,741,384,,,,,,,
374,person,0.8,8,370,264,438,453,,,,,,,
374,person,0.65,10,308,267,365,448,,,,,,,
374,person,0.17,3,711,287,744,382,,,,,,,
375,person,0.79,8,373,264,441,454,,,,,,,
375,person,0.71,10,312,270,371,448,,,,,,,
375,person,0.36,3,711,285,746,383,,,,,,,
376,person,0.81,8,376,263,444,454,,,,,,,
376,person,0.74,10,314,272,378,448,,,,,,,
376,person,0.57,3,712,283,748,385,,,,,,,
377,person,0.78,8,379,263,447,453,,,,,,,
377,person,0.74,10,312,271,381,448,,,,,,,
377,person,0.66,3,712,283,748,385,,,,,,,
378,person,0.81,8,381,264,449,452,,,,,,,
378,person,0.76,10,313,270,385,447,,,,,,,
378,person,0.66,3,713,283,748,384,,,,,,,
379,person,0.8,8,386,265,452,452,,,,,,,
379,person,0.71,10,317,271,393,448,,,,,,,
379,person,0.65,3,713,280,749,383,,,,,,,
380,person,0.8,8,391,265,454,451,,,,,,,
380,person,0.76,10,321,269,399,447,,,,,,,
380,person,0.69,3,713,278,749,385,,,,,,,
381,person,0.75,8,392,265,456,451,,,,,,,
381,person,0.72,10,329,270,400,446,,,,,,,
381,person,0.69,3,713,277,751,385,,,,,,,
382,person,0.75,8,393,267,459,449,,,,,,,
382,person,0.76,10,335,270,404,441,,,,,,,
382,person,0.5,3,714,279,752,385,,,,,,,
383,person,0.73,8,397,266,460,450,,,,,,,
383,person,0.79,10,343,267,407,440,,,,,,,
383,person,0.47,3,714,277,752,383,,,,,,,
384,person,0.76,8,400,264,461,451,,,,,,,
384,person,0.81,10,349,267,409,440,,,,,,,
384,person,0.58,3,714,276,753,382,,,,,,,
385,person,0.77,8,404,262,464,451,,,,,,,
385,person,0.83,10,350,263,412,443,,,,,,,
385,person,0.69,3,716,277,754,382,,,,,,,
386,person,0.71,8,407,263,470,448,,,,,,,
386,person,0.83,10,352,259,415,445,,,,,,,
386,person,0.67,3,718,276,755,382,,,,,,,
387,person,0.67,8,411,268,476,448,,,,,,,
387,person,0.82,10,357,260,417,445,,,,,,,
387,person,0.46,3,719,278,756,382,,,,,,,
388,person,0.7,8,413,263,480,445,,,,,,,
388,person,0.84,10,358,262,421,442,,,,,,,
388,person,0.41,3,720,277,757,381,,,,,,,
389,person,0.66,8,416,263,484,444,,,,,,,
389,person,0.83,10,360,264,424,441,,,,,,,
389,person,0.57,3,722,275,756,382,,,,,,,
390,person,0.68,8,421,265,485,444,,,,,,,
390,person,0.83,10,363,267,429,440,,,,,,,
390,person,0.53,3,723,272,757,382,,,,,,,
391,person,0.66,8,422,265,486,445,,,,,,,
391,person,0.83,10,367,268,431,440,,,,,,,
391,person,0.41,3,725,270,758,380,,,,,,,
392,person,0.68,8,425,265,486,444,,,,,,,
392,person,0.81,10,368,267,434,440,,,,,,,
392,person,0.56,3,726,270,758,379,,,,,,,
393,person,0.68,8,428,264,486,443,,,,,,,
393,person,0.77,10,371,266,437,441,,,,,,,
393,person,0.62,3,727,270,759,379,,,,,,,
394,person,0.69,8,431,264,487,442,,,,,,,
394,person,0.81,10,376,266,439,439,,,,,,,
394,person,0.57,3,728,270,760,378,,,,,,,
395,person,0.74,8,432,261,489,443,,,,,,,
395,person,0.78,10,380,264,442,440,,,,,,,
395,person,0.51,3,729,271,760,377,,,,,,,
396,person,0.77,8,435,260,492,442,,,,,,,
396,person,0.8,10,383,265,444,439,,,,,,,
396,person,0.53,3,730,275,761,375,,,,,,,
397,person,0.77,8,437,257,495,445,,,,,,,
397,person,0.78,10,384,266,447,439,,,,,,,
397,person,0.59,3,730,278,762,375,,,,,,,
398,person,0.76,8,441,258,497,443,,,,,,,
398,person,0.85,10,387,265,447,439,,,,,,,
398,person,0.62,3,729,277,764,376,,,,,,,
399,person,0.7,8,442,260,499,442,,,,,,,
399,person,0.82,10,389,266,450,438,,,,,,,
399,person,0.49,3,730,279,764,376,,,,,,,
400,person,0.69,8,443,267,501,440,,,,,,,
400,person,0.8,10,393,267,453,438,,,,,,,
400,person,0.19,3,731,279,764,376,,,,,,,
401,person,0.67,8,444,266,503,439,,,,,,,
401,person,0.78,10,396,268,455,437,,,,,,,
401,person,0.39,3,731,278,765,377,,,,,,,
402,person,0.69,8,444,264,506,440,,,,,,,
402,person,0.74,10,398,268,457,437,,,,,,,
402,person,0.61,3,732,278,767,377,,,,,,,
403,person,0.69,8,444,266,507,441,,,,,,,
403,person,0.71,10,400,270,457,437,,,,,,,
403,person,0.62,3,733,277,768,378,,,,,,,
404,person,0.7,8,445,271,509,441,,,,,,,
404,person,0.66,10,403,274,458,438,,,,,,,
404,person,0.6,3,732,277,768,378,,,,,,,
405,person,0.64,8,448,274,511,442,,,,,,,
405,person,0.67,10,406,274,471,438,,,,,,,
405,person,0.57,3,732,275,770,377,,,,,,,
406,person,0.72,8,453,274,512,441,,,,,,,
406,person,0.67,10,408,274,470,438,,,,,,,
406,person,0.68,3,734,275,769,376,,,,,,,
407,person,0.71,8,454,272,514,439,,,,,,,
407,person,0.68,10,410,273,472,437,,,,,,,
407,person,0.7,3,735,274,770,376,,,,,,,
408,person,0.69,8,460,268,516,437,,,,,,,
408,person,0.69,10,413,274,476,436,,,,,,,
408,person,0.65,3,735,274,771,376,,,,,,,
409,person,0.68,8,462,265,517,435,,,,,,,
409,person,0.75,10,416,273,478,433,,,,,,,
409,person,0.63,3,736,273,772,376,,,,,,,
410,person,0.64,8,465,267,519,433,,,,,,,
410,person,0.73,10,419,272,485,432,,,,,,,
410,person,0.6,3,736,273,773,375,,,,,,,
411,person,0.72,8,466,268,520,434,,,,,,,
411,person,0.75,10,422,272,480,431,,,,,,,
411,person,0.62,3,737,275,774,375,,,,,,,
412,person,0.72,8,467,267,523,435,,,,,,,
412,person,0.67,10,426,271,479,430,,,,,,,
412,person,0.54,3,738,276,775,375,,,,,,,
413,person,0.69,8,470,269,524,435,,,,,,,
413,person,0.73,10,430,270,480,430,,,,,,,
413,person,0.69,3,739,276,775,375,,,,,,,
414,person,0.72,8,474,269,526,436,,,,,,,
414,person,0.82,10,433,268,484,431,,,,,,,
414,person,0.71,3,740,277,775,375,,,,,,,
415,person,0.73,8,476,270,528,436,,,,,,,
415,person,0.82,10,435,268,485,432,,,,,,,
415,person,0.62,3,741,278,776,376,,,,,,,
416,person,0.5,8,478,269,529,433,,,,,,,
416,person,0.77,10,435,268,486,432,,,,,,,
416,person,0.68,3,742,280,776,375,,,,,,,
417,person,0.56,8,481,268,532,431,,,,,,,
417,person,0.77,10,438,268,489,433,,,,,,,
417,person,0.37,3,743,280,776,375,,,,,,,
418,person,0.59,8,484,270,535,431,,,,,,,
418,person,0.76,10,442,269,492,433,,,,,,,
418,person,0.42,3,744,280,777,375,,,,,,,
419,person,0.57,8,486,272,536,431,,,,,,,
419,person,0.74,10,443,271,493,433,,,,,,,
419,person,0.32,3,745,281,778,375,,,,,,,
420,person,0.63,8,489,273,538,432,,,,,,,
420,person,0.74,10,444,273,493,434,,,,,,,
420,person,0.13,3,748,282,778,374,,,,,,,
421,person,0.59,8,490,272,539,431,,,,,,,
421,person,0.71,10,447,274,495,434,,,,,,,
422,person,0.66,8,493,271,542,431,,,,,,,
422,person,0.76,10,451,276,497,433,,,,,,,
423,person,0.64,8,496,276,544,431,,,,,,,
423,person,0.73,10,454,276,500,430,,,,,,,
424,person,0.62,8,498,275,546,429,,,,,,,
424,person,0.7,10,456,274,504,428,,,,,,,
425,person,0.67,8,500,275,548,429,,,,,,,
425,person,0.75,10,457,271,508,429,,,,,,,
426,person,0.69,8,500,275,549,428,,,,,,,
426,person,0.82,10,458,269,509,428,,,,,,,
427,person,0.63,8,502,272,552,427,,,,,,,
427,person,0.78,10,459,267,511,427,,,,,,,
428,person,0.54,8,504,272,553,423,,,,,,,
428,person,0.77,10,460,265,512,426,,,,,,,
429,person,0.62,8,503,275,555,425,,,,,,,
429,person,0.71,10,462,262,517,427,,,,,,,
430,person,0.54,8,504,271,555,427,,,,,,,
430,person,0.72,10,464,263,517,428,,,,,,,
431,person,0.57,8,506,271,557,426,,,,,,,
431,person,0.73,10,467,265,518,427,,,,,,,
431,person,0.55,13,1529,324,1621,448,,,,,,,
432,person,0.65,8,507,271,557,428,,,,,,,
432,person,0.72,10,470,267,518,427,,,,,,,
432,person,0.49,13,1516,316,1609,443,,,,,,,
433,person,0.71,8,508,271,559,429,,,,,,,
433,person,0.72,10,473,269,519,428,,,,,,,
433,person,0.44,13,1508,313,1594,445,,,,,,,
434,person,0.73,8,510,270,561,430,,,,,,,
434,person,0.75,10,476,270,521,427,,,,,,,
434,person,0.53,13,1498,311,1582,442,,,,,,,
435,person,0.69,8,512,276,563,429,,,,,,,
435,person,0.68,10,478,271,524,427,,,,,,,
435,person,0.59,13,1492,308,1570,443,,,,,,,
436,person,0.6,8,515,274,567,428,,,,,,,
436,person,0.66,10,479,271,529,427,,,,,,,
436,person,0.51,13,1483,307,1561,443,,,,,,,
437,person,0.6,8,517,274,569,428,,,,,,,
437,person,0.6,10,480,272,532,427,,,,,,,
437,person,0.15,13,1475,319,1547,442,,,,,,,
438,person,0.75,8,522,275,572,427,,,,,,,
438,person,0.65,10,480,272,533,426,,,,,,,
439,person,0.75,8,524,274,574,427,,,,,,,
439,person,0.7,10,482,272,533,427,,,,,,,
440,person,0.65,8,524,273,576,427,,,,,,,
440,person,0.66,10,484,272,536,425,,,,,,,
441,person,0.59,8,526,272,578,426,,,,,,,
441,person,0.74,10,490,273,535,425,,,,,,,
442,person,0.54,8,529,270,579,425,,,,,,,
442,person,0.74,10,495,275,536,424,,,,,,,
443,person,0.51,8,535,268,581,425,,,,,,,
443,person,0.7,10,497,275,539,423,,,,,,,
444,person,0.63,8,541,270,583,422,,,,,,,
444,person,0.82,10,499,276,542,422,,,,,,,
445,person,0.58,8,543,275,585,421,,,,,,,
445,person,0.83,10,500,276,545,421,,,,,,,
446,person,0.57,8,543,277,588,424,,,,,,,
446,person,0.81,10,502,274,549,420,,,,,,,
447,person,0.5,8,544,279,591,423,,,,,,,
447,person,0.74,10,504,275,551,423,,,,,,,
448,person,0.57,8,543,276,593,424,,,,,,,
448,person,0.71,10,505,275,552,423,,,,,,,
449,person,0.73,8,546,274,594,423,,,,,,,
449,person,0.78,10,507,274,556,424,,,,,,,
450,person,0.63,8,549,272,595,423,,,,,,,
450,person,0.83,10,509,273,558,426,,,,,,,
451,person,0.75,8,551,271,598,422,,,,,,,
451,person,0.81,10,511,274,559,424,,,,,,,
452,person,0.65,8,552,271,600,424,,,,,,,
452,person,0.72,10,513,275,561,423,,,,,,,
453,person,0.57,8,552,270,602,426,,,,,,,
453,person,0.64,10,516,277,564,423,,,,,,,
454,person,0.55,8,556,273,604,424,,,,,,,
454,person,0.67,10,516,276,565,422,,,,,,,
455,person,0.56,8,556,274,605,422,,,,,,,
455,person,0.5,10,517,275,570,421,,,,,,,
456,person,0.63,8,557,274,607,422,,,,,,,
456,person,0.53,10,520,275,570,415,,,,,,,
457,person,0.66,8,558,273,607,422,,,,,,,
457,person,0.44,10,524,276,570,403,,,,,,,
458,person,0.68,8,556,270,608,421,,,,,,,
458,person,0.28,10,526,275,573,401,,,,,,,
459,person,0.7,8,555,271,610,422,,,,,,,
459,person,0.19,10,528,275,576,398,,,,,,,
460,person,0.6,8,553,273,611,422,,,,,,,
460,person,0.28,10,529,273,579,401,,,,,,,
461,person,0.66,8,560,275,613,422,,,,,,,
461,person,0.43,10,531,272,580,412,,,,,,,
462,person,0.65,8,566,276,615,421,,,,,,,
462,person,0.48,10,531,272,581,415,,,,,,,
463,person,0.74,8,569,276,618,421,,,,,,,
463,person,0.6,10,532,272,584,416,,,,,,,
464,person,0.73,8,571,275,619,419,,,,,,,
464,person,0.61,10,534,272,585,416,,,,,,,
465,person,0.69,8,572,274,621,418,,,,,,,
465,person,0.59,10,537,275,588,416,,,,,,,
466,person,0.57,8,576,276,623,418,,,,,,,
466,person,0.63,10,540,277,588,416,,,,,,,
467,person,0.6,8,578,276,625,417,,,,,,,
467,person,0.58,10,542,278,587,415,,,,,,,
468,person,0.55,8,582,276,627,416,,,,,,,
468,person,0.65,10,544,277,589,415,,,,,,,
469,person,0.61,8,584,274,628,416,,,,,,,
469,person,0.6,10,545,277,590,415,,,,,,,
470,person,0.66,8,587,280,630,415,,,,,,,
470,person,0.69,10,546,279,592,416,,,,,,,
471,person,0.67,8,590,275,632,413,,,,,,,
471,person,0.71,10,549,277,595,416,,,,,,,
472,person,0.59,8,592,275,632,409,,,,,,,
472,person,0.71,10,551,274,597,416,,,,,,,
473,person,0.38,8,596,275,634,409,,,,,,,
473,person,0.71,10,554,273,600,415,,,,,,,
474,person,0.5,8,597,275,635,410,,,,,,,
474,person,0.73,10,556,272,603,416,,,,,,,
475,person,0.62,8,598,276,638,411,,,,,,,
475,person,0.73,10,560,272,605,416,,,,,,,
476,person,0.47,8,601,277,639,411,,,,,,,
476,person,0.67,10,563,273,607,416,,,,,,,
477,person,0.5,8,604,276,639,412,,,,,,,
477,person,0.69,10,565,273,609,416,,,,,,,
478,person,0.44,8,605,275,645,413,,,,,,,
478,person,0.7,10,567,274,611,416,,,,,,,
479,person,0.5,8,607,276,648,414,,,,,,,
479,person,0.66,10,566,274,613,416,,,,,,,
480,person,0.33,8,609,278,648,413,,,,,,,
480,person,0.62,10,567,275,615,416,,,,,,,
481,person,0.42,8,611,280,651,408,,,,,,,
481,person,0.68,10,569,275,617,416,,,,,,,
482,person,0.42,8,611,278,654,407,,,,,,,
482,person,0.7,10,572,276,618,416,,,,,,,
483,person,0.39,8,612,279,655,406,,,,,,,
483,person,0.66,10,574,277,622,416,,,,,,,
484,person,0.55,8,611,276,657,404,,,,,,,
484,person,0.62,10,576,276,623,415,,,,,,,
485,person,0.47,8,610,275,656,406,,,,,,,
485,person,0.54,10,578,276,624,414,,,,,,,
486,person,0.66,8,610,273,660,408,,,,,,,
486,person,0.48,10,579,274,625,412,,,,,,,
487,person,0.62,8,614,274,662,410,,,,,,,
487,person,0.59,10,580,274,630,411,,,,,,,
488,person,0.44,8,619,274,665,409,,,,,,,
488,person,0.63,10,584,276,636,412,,,,,,,
489,person,0.42,8,621,273,664,411,,,,,,,
489,person,0.62,10,586,276,638,412,,,,,,,
490,person,0.51,8,620,273,665,411,,,,,,,
490,person,0.59,10,586,273,638,413,,,,,,,
491,person,0.5,8,622,274,666,411,,,,,,,
491,person,0.67,10,587,271,639,414,,,,,,,
492,person,0.55,8,622,273,666,409,,,,,,,
492,person,0.69,10,588,272,640,413,,,,,,,
493,person,0.57,8,621,272,668,409,,,,,,,
493,person,0.63,10,590,273,640,413,,,,,,,
494,person,0.46,8,617,272,669,411,,,,,,,
494,person,0.66,10,591,273,640,412,,,,,,,
495,person,0.45,8,624,275,671,411,,,,,,,
495,person,0.71,10,592,273,640,412,,,,,,,
496,person,0.52,8,629,276,673,412,,,,,,,
496,person,0.72,10,594,275,639,411,,,,,,,
497,person,0.53,8,632,276,675,412,,,,,,,
497,person,0.68,10,595,276,640,410,,,,,,,
498,person,0.65,8,632,278,677,412,,,,,,,
498,person,0.7,10,596,278,638,410,,,,,,,
499,person,0.65,8,634,276,678,411,,,,,,,
499,person,0.69,10,598,276,641,410,,,,,,,
500,person,0.68,8,634,275,680,412,,,,,,,
500,person,0.69,10,600,275,643,409,,,,,,,
501,person,0.67,8,636,274,682,411,,,,,,,
501,person,0.64,10,603,273,644,410,,,,,,,
502,person,0.64,8,639,274,683,410,,,,,,,
502,person,0.7,10,606,272,646,409,,,,,,,
503,person,0.7,8,640,276,685,410,,,,,,,
503,person,0.63,10,608,271,648,409,,,,,,,
504,person,0.69,8,642,278,686,411,,,,,,,
504,person,0.66,10,610,273,651,409,,,,,,,
505,person,0.69,8,645,281,688,409,,,,,,,
505,person,0.7,10,612,274,652,408,,,,,,,
506,person,0.71,8,648,282,690,408,,,,,,,
506,person,0.77,10,614,274,654,407,,,,,,,
507,person,0.4,8,649,280,691,407,,,,,,,
507,person,0.69,10,615,273,657,406,,,,,,,
508,person,0.43,8,653,281,692,408,,,,,,,
508,person,0.69,10,615,272,661,407,,,,,,,
509,person,0.26,8,654,282,695,406,,,,,,,
509,person,0.65,10,616,271,668,408,,,,,,,
510,person,0.41,8,657,283,696,398,,,,,,,
510,person,0.69,10,617,271,667,405,,,,,,,
511,person,0.52,8,657,283,697,397,,,,,,,
511,person,0.65,10,619,274,665,404,,,,,,,
512,person,0.56,8,657,284,698,399,,,,,,,
512,person,0.67,10,619,275,665,404,,,,,,,
513,person,0.55,8,658,281,698,403,,,,,,,
513,person,0.66,10,619,276,665,404,,,,,,,
514,person,0.52,8,656,280,697,404,,,,,,,
514,person,0.6,10,620,276,667,405,,,,,,,
515,person,0.51,8,658,275,698,406,,,,,,,
515,person,0.56,10,621,276,669,406,,,,,,,
516,person,0.47,8,656,275,699,407,,,,,,,
516,person,0.56,10,624,274,675,406,,,,,,,
517,person,0.45,8,660,274,701,407,,,,,,,
517,person,0.6,10,625,272,678,406,,,,,,,
518,person,0.49,8,655,273,702,408,,,,,,,
518,person,0.55,10,626,272,681,406,,,,,,,
519,person,0.23,8,656,276,702,406,,,,,,,
519,person,0.62,10,627,274,681,404,,,,,,,
520,person,0.43,8,667,281,706,403,,,,,,,
520,person,0.64,10,629,274,679,404,,,,,,,
521,person,0.68,8,669,275,708,404,,,,,,,
521,person,0.69,10,630,272,679,405,,,,,,,
522,person,0.68,8,670,272,710,406,,,,,,,
522,person,0.59,10,632,271,678,405,,,,,,,
523,person,0.72,8,671,274,711,405,,,,,,,
523,person,0.68,10,633,272,679,405,,,,,,,
524,person,0.64,8,672,281,711,405,,,,,,,
524,person,0.67,10,636,273,679,405,,,,,,,
525,person,0.59,8,674,279,713,404,,,,,,,
525,person,0.68,10,638,273,680,404,,,,,,,
526,person,0.52,8,676,283,715,404,,,,,,,
526,person,0.66,10,639,275,682,403,,,,,,,
527,person,0.28,8,680,284,716,400,,,,,,,
527,person,0.7,10,640,277,685,403,,,,,,,
528,person,0.51,8,682,282,718,400,,,,,,,
528,person,0.76,10,642,278,686,404,,,,,,,
529,person,0.51,8,683,283,720,400,,,,,,,
529,person,0.72,10,644,278,686,404,,,,,,,
530,person,0.51,8,683,284,722,401,,,,,,,
530,person,0.73,10,645,280,688,403,,,,,,,
531,person,0.56,8,684,283,723,401,,,,,,,
531,person,0.71,10,647,281,689,404,,,,,,,
532,person,0.62,8,685,282,724,401,,,,,,,
532,person,0.7,10,648,279,690,403,,,,,,,
533,person,0.57,8,686,284,725,401,,,,,,,
533,person,0.71,10,649,276,692,402,,,,,,,
534,person,0.59,8,688,282,727,402,,,,,,,
534,person,0.69,10,650,274,693,400,,,,,,,
535,person,0.61,8,691,281,729,400,,,,,,,
535,person,0.69,10,650,273,695,401,,,,,,,
536,person,0.41,8,694,281,730,401,,,,,,,
536,person,0.62,10,651,271,697,401,,,,,,,
537,person,0.5,8,693,278,731,400,,,,,,,
537,person,0.48,10,653,271,697,401,,,,,,,
538,person,0.58,8,692,275,732,399,,,,,,,
538,person,0.56,10,654,271,698,400,,,,,,,
539,person,0.55,8,694,277,732,399,,,,,,,
539,person,0.52,10,655,271,699,400,,,,,,,
540,person,0.54,8,694,283,733,402,,,,,,,
540,person,0.47,10,657,274,699,401,,,,,,,
541,person,0.61,8,694,285,734,403,,,,,,,
541,person,0.48,10,661,277,700,401,,,,,,,
542,person,0.64,8,694,285,735,404,,,,,,,
542,person,0.47,10,662,278,701,401,,,,,,,
543,person,0.6,8,694,287,735,404,,,,,,,
543,person,0.43,10,663,282,701,401,,,,,,,
544,person,0.52,8,695,289,736,404,,,,,,,
544,person,0.39,10,664,285,702,402,,,,,,,
545,person,0.35,8,696,287,736,404,,,,,,,
545,person,0.46,10,664,285,706,401,,,,,,,
546,person,0.37,8,701,289,738,401,,,,,,,
546,person,0.51,10,664,286,710,400,,,,,,,
547,person,0.44,8,704,287,740,395,,,,,,,
547,person,0.52,10,666,285,712,399,,,,,,,
548,person,0.47,8,706,288,741,397,,,,,,,
548,person,0.52,10,667,286,712,398,,,,,,,
549,person,0.53,8,706,287,741,394,,,,,,,
549,person,0.53,10,667,285,713,397,,,,,,,
550,person,0.58,8,706,286,743,399,,,,,,,
550,person,0.63,10,668,284,711,397,,,,,,,
551,person,0.53,8,706,287,745,401,,,,,,,
551,person,0.58,10,669,285,712,396,,,,,,,
552,person,0.57,8,707,286,747,403,,,,,,,
552,person,0.62,10,671,285,713,397,,,,,,,
553,person,0.63,8,708,285,749,404,,,,,,,
553,person,0.64,10,672,284,714,397,,,,,,,
554,person,0.6,8,710,286,750,403,,,,,,,
554,person,0.69,10,672,284,715,397,,,,,,,
555,person,0.56,8,711,287,752,404,,,,,,,
555,person,0.66,10,673,284,716,397,,,,,,,
556,person,0.59,8,714,286,754,404,,,,,,,
556,person,0.73,10,675,283,717,398,,,,,,,
557,person,0.62,8,715,287,756,405,,,,,,,
557,person,0.76,10,676,283,720,399,,,,,,,
558,person,0.72,8,716,285,757,404,,,,,,,
558,person,0.81,10,679,282,722,401,,,,,,,
559,person,0.69,8,717,283,758,405,,,,,,,
559,person,0.79,10,681,282,723,401,,,,,,,
560,person,0.73,8,718,282,759,405,,,,,,,
560,person,0.8,10,683,281,724,400,,,,,,,
561,person,0.72,8,719,282,759,403,,,,,,,
561,person,0.77,10,684,280,725,399,,,,,,,
562,person,0.73,8,719,280,759,405,,,,,,,
562,person,0.76,10,686,280,726,399,,,,,,,
563,person,0.37,8,724,278,760,404,,,,,,,
563,person,0.79,10,687,281,729,398,,,,,,,
564,person,0.42,8,726,279,761,404,,,,,,,
564,person,0.76,10,688,282,730,397,,,,,,,
565,person,0.45,8,726,279,762,402,,,,,,,
565,person,0.76,10,688,282,731,396,,,,,,,
566,person,0.47,8,728,279,762,393,,,,,,,
566,person,0.77,10,689,282,732,395,,,,,,,
567,person,0.49,8,727,282,763,395,,,,,,,
567,person,0.76,10,690,282,732,395,,,,,,,
568,person,0.55,8,727,282,764,392,,,,,,,
568,person,0.77,10,690,283,732,395,,,,,,,
569,person,0.56,8,727,282,765,395,,,,,,,
569,person,0.74,10,691,283,732,394,,,,,,,
570,person,0.56,8,726,281,766,399,,,,,,,
570,person,0.7,10,692,284,732,395,,,,,,,
571,person,0.57,8,727,281,767,398,,,,,,,
571,person,0.68,10,693,283,733,394,,,,,,,
572,person,0.57,8,727,280,769,397,,,,,,,
572,person,0.7,10,693,283,734,393,,,,,,,
573,person,0.6,8,728,279,770,397,,,,,,,
573,person,0.68,10,694,283,734,393,,,,,,,
574,person,0.59,8,729,280,770,398,,,,,,,
574,person,0.67,10,694,284,735,393,,,,,,,
575,person,0.64,8,732,279,771,397,,,,,,,
575,person,0.69,10,695,283,736,393,,,,,,,
576,person,0.66,8,733,278,772,395,,,,,,,
576,person,0.66,10,696,283,736,393,,,,,,,
577,person,0.68,8,734,282,773,394,,,,,,,
577,person,0.7,10,697,284,739,393,,,,,,,
578,person,0.7,8,736,283,774,391,,,,,,,
578,person,0.72,10,698,284,740,391,,,,,,,
579,person,0.7,8,738,284,776,391,,,,,,,
579,person,0.69,10,698,284,739,390,,,,,,,
580,person,0.66,8,739,285,777,391,,,,,,,
580,person,0.67,10,699,283,739,390,,,,,,,
581,person,0.62,8,740,286,778,392,,,,,,,
581,person,0.66,10,699,283,740,391,,,,,,,
582,person,0.61,8,742,287,779,390,,,,,,,
582,person,0.74,10,699,283,741,393,,,,,,,
583,person,0.59,8,743,287,780,395,,,,,,,
583,person,0.76,10,700,284,743,393,,,,,,,
584,person,0.67,8,743,286,781,398,,,,,,,
584,person,0.79,10,701,283,744,393,,,,,,,
585,person,0.65,8,745,287,782,398,,,,,,,
585,person,0.79,10,702,282,745,394,,,,,,,
586,person,0.71,8,745,287,783,396,,,,,,,
586,person,0.76,10,704,282,745,393,,,,,,,
587,person,0.62,8,747,285,784,395,,,,,,,
587,person,0.78,10,704,282,747,393,,,,,,,
588,person,0.64,8,749,285,786,394,,,,,,,
588,person,0.75,10,706,283,749,393,,,,,,,
589,person,0.57,8,751,285,787,393,,,,,,,
589,person,0.79,10,707,282,751,392,,,,,,,
590,person,0.54,8,752,287,788,392,,,,,,,
590,person,0.8,10,709,283,753,392,,,,,,,
591,person,0.59,8,754,287,789,389,,,,,,,
591,person,0.75,10,710,282,754,392,,,,,,,
592,person,0.57,8,756,287,790,385,,,,,,,
592,person,0.76,10,712,281,754,392,,,,,,,
593,person,0.67,8,755,287,790,384,,,,,,,
593,person,0.77,10,713,281,753,391,,,,,,,
594,person,0.68,8,755,288,790,388,,,,,,,
594,person,0.77,10,713,279,755,392,,,,,,,
595,person,0.7,8,755,286,791,390,,,,,,,
595,person,0.75,10,713,279,754,391,,,,,,,
596,person,0.72,8,755,287,792,392,,,,,,,
596,person,0.72,10,715,280,755,391,,,,,,,
597,person,0.68,8,756,287,793,392,,,,,,,
597,person,0.71,10,716,280,757,392,,,,,,,
598,person,0.63,8,757,289,793,392,,,,,,,
598,person,0.68,10,718,280,758,391,,,,,,,
599,person,0.64,8,757,287,793,392,,,,,,,
599,person,0.66,10,719,280,759,391,,,,,,,
600,person,0.61,8,757,288,794,393,,,,,,,
600,person,0.62,10,720,280,759,390,,,,,,,
601,person,0.55,8,758,289,796,391,,,,,,,
601,person,0.64,10,721,281,761,390,,,,,,,
602,person,0.59,8,763,290,798,389,,,,,,,
602,person,0.72,10,721,281,763,390,,,,,,,
603,person,0.62,8,765,289,799,388,,,,,,,
603,person,0.74,10,722,280,764,391,,,,,,,
604,person,0.68,8,767,288,802,391,,,,,,,
604,person,0.76,10,723,280,766,391,,,,,,,
605,person,0.71,8,768,287,804,390,,,,,,,
605,person,0.78,10,724,280,765,391,,,,,,,
606,person,0.71,8,768,286,804,390,,,,,,,
606,person,0.76,10,724,281,765,389,,,,,,,
607,person,0.74,8,768,286,805,389,,,,,,,
607,person,0.76,10,725,281,767,388,,,,,,,
608,person,0.64,8,769,289,805,388,,,,,,,
608,person,0.72,10,726,281,769,386,,,,,,,
609,person,0.66,8,769,289,805,389,,,,,,,
609,person,0.77,10,727,280,770,385,,,,,,,
610,person,0.61,8,770,288,806,388,,,,,,,
610,person,0.77,10,729,278,771,387,,,,,,,
611,person,0.66,8,771,288,806,389,,,,,,,
611,person,0.8,10,729,277,771,387,,,,,,,
612,person,0.59,8,774,286,807,389,,,,,,,
612,person,0.8,10,730,278,772,388,,,,,,,
613,person,0.47,8,776,286,808,389,,,,,,,
613,person,0.79,10,731,279,773,389,,,,,,,
614,person,0.45,8,776,285,809,391,,,,,,,
614,person,0.79,10,732,280,775,389,,,,,,,
615,person,0.46,8,777,285,810,391,,,,,,,
615,person,0.79,10,734,280,777,390,,,,,,,
616,person,0.45,8,778,285,810,389,,,,,,,
616,person,0.79,10,735,281,778,390,,,,,,,
617,person,0.54,8,778,285,812,388,,,,,,,
617,person,0.78,10,736,281,778,390,,,,,,,
618,person,0.56,8,778,284,812,388,,,,,,,
618,person,0.8,10,737,283,778,390,,,,,,,
619,person,0.6,8,777,285,812,388,,,,,,,
619,person,0.79,10,738,284,777,390,,,,,,,
620,person,0.65,8,777,284,813,387,,,,,,,
620,person,0.8,10,739,284,777,389,,,,,,,
621,person,0.65,8,778,285,814,386,,,,,,,
621,person,0.74,10,742,285,778,389,,,,,,,
622,person,0.64,8,778,285,814,384,,,,,,,
622,person,0.68,10,744,287,780,390,,,,,,,
623,person,0.64,8,778,285,814,383,,,,,,,
623,person,0.7,10,744,288,781,390,,,,,,,
624,person,0.64,8,779,286,815,383,,,,,,,
624,person,0.71,10,745,287,781,390,,,,,,,
625,person,0.64,8,779,286,815,384,,,,,,,
625,person,0.61,10,746,286,782,390,,,,,,,
626,person,0.59,8,780,286,816,384,,,,,,,
626,person,0.62,10,747,284,783,388,,,,,,,
627,person,0.55,8,782,285,817,384,,,,,,,
627,person,0.61,10,747,283,786,386,,,,,,,
628,person,0.43,8,784,284,817,383,,,,,,,
628,person,0.61,10,748,283,788,385,,,,,,,
629,person,0.5,8,785,285,818,385,,,,,,,
629,person,0.62,10,748,283,789,385,,,,,,,
630,person,0.55,8,785,286,818,386,,,,,,,
630,person,0.63,10,748,281,789,386,,,,,,,
631,person,0.61,8,785,286,818,383,,,,,,,
631,person,0.68,10,748,282,788,387,,,,,,,
632,person,0.61,8,785,286,818,382,,,,,,,
632,person,0.63,10,748,284,788,386,,,,,,,
633,person,0.6,8,786,286,819,381,,,,,,,
633,person,0.66,10,748,284,787,386,,,,,,,
634,person,0.62,8,787,287,820,382,,,,,,,
634,person,0.71,10,748,283,788,387,,,,,,,
635,person,0.55,8,788,286,821,385,,,,,,,
635,person,0.72,10,749,282,789,387,,,,,,,
636,person,0.33,8,790,287,822,382,,,,,,,
636,person,0.77,10,749,282,789,386,,,,,,,
637,person,0.27,8,793,289,823,382,,,,,,,
637,person,0.75,10,751,282,790,385,,,,,,,
638,person,0.39,8,794,291,825,384,,,,,,,
638,person,0.7,10,752,281,791,384,,,,,,,
639,person,0.43,8,795,290,826,383,,,,,,,
639,person,0.73,10,754,281,792,384,,,,,,,
640,person,0.32,8,797,290,828,382,,,,,,,
640,person,0.72,10,754,281,794,385,,,,,,,
641,person,0.47,8,797,290,829,382,,,,,,,
641,person,0.76,10,755,280,795,385,,,,,,,
642,person,0.41,8,798,292,829,384,,,,,,,
642,person,0.74,10,755,281,796,386,,,,,,,
643,person,0.22,8,799,289,830,386,,,,,,,
643,person,0.76,10,756,282,796,386,,,,,,,
644,person,0.42,8,799,288,831,387,,,,,,,
644,person,0.78,10,757,281,797,387,,,,,,,
645,person,0.29,8,801,291,832,384,,,,,,,
645,person,0.81,10,758,281,799,386,,,,,,,
646,person,0.27,8,802,292,832,381,,,,,,,
646,person,0.79,10,759,282,800,385,,,,,,,
